{
    "tfjsVersion": "1.3.1",
    "tmVersion": "0.8.6",
    "packageVersion": "0.8.6",
    "packageName": "@teachablemachine/pose",
    "timeStamp": "2022-08-20T01:31:47.056Z",
    "userMetadata": {},
    "modelName": "my-pose-model",
    "labels": [
        "UP",
        "DOWN",
        "LEFT",
        "RIGHT"
    ],
    "modelSettings": {
        "posenet": {
            "architecture": "MobileNetV1",
            "outputStride": 16,
            "inputResolution": 257,
            "multiplier": 0.75
        }
    }
}